<annotation>
	<folder>my-project-name</folder>
	<filename>stirling_6.jpg</filename>
	<path>/my-project-name/stirling_6.jpg</path>
	<source>
		<database>Unspecified</database>
	</source>
	<size>
		<width>416</width>
		<height>689</height>
		<depth>3</depth>
	</size>
	<object>
		<name>tree</name>
		<pose>Unspecified</pose>
		<truncated>0</truncated>
		<difficult>0</difficult>
		<bndbox>
			<xmin>105</xmin>
			<ymin>47</ymin>
			<xmax>375</xmax>
			<ymax>525</ymax>
		</bndbox>
	</object>
</annotation>