<annotation>
	<folder>my-project-name</folder>
	<filename>stirling_89.jpg</filename>
	<path>/my-project-name/stirling_89.jpg</path>
	<source>
		<database>Unspecified</database>
	</source>
	<size>
		<width>416</width>
		<height>473</height>
		<depth>3</depth>
	</size>
	<object>
		<name>tree</name>
		<pose>Unspecified</pose>
		<truncated>0</truncated>
		<difficult>0</difficult>
		<bndbox>
			<xmin>162</xmin>
			<ymin>90</ymin>
			<xmax>286</xmax>
			<ymax>272</ymax>
		</bndbox>
	</object>
</annotation>