<annotation>
	<folder>my-project-name</folder>
	<filename>stirling_10.jpg</filename>
	<path>/my-project-name/stirling_10.jpg</path>
	<source>
		<database>Unspecified</database>
	</source>
	<size>
		<width>416</width>
		<height>555</height>
		<depth>3</depth>
	</size>
	<object>
		<name>tree</name>
		<pose>Unspecified</pose>
		<truncated>0</truncated>
		<difficult>0</difficult>
		<bndbox>
			<xmin>188</xmin>
			<ymin>6</ymin>
			<xmax>399</xmax>
			<ymax>208</ymax>
		</bndbox>
	</object>
	<object>
		<name>tree</name>
		<pose>Unspecified</pose>
		<truncated>0</truncated>
		<difficult>0</difficult>
		<bndbox>
			<xmin>133</xmin>
			<ymin>4</ymin>
			<xmax>276</xmax>
			<ymax>203</ymax>
		</bndbox>
	</object>
	<object>
		<name>tree</name>
		<pose>Unspecified</pose>
		<truncated>0</truncated>
		<difficult>0</difficult>
		<bndbox>
			<xmin>0</xmin>
			<ymin>50</ymin>
			<xmax>69</xmax>
			<ymax>204</ymax>
		</bndbox>
	</object>
</annotation>