<annotation>
	<folder>my-project-name</folder>
	<filename>stirling_111.jpg</filename>
	<path>/my-project-name/stirling_111.jpg</path>
	<source>
		<database>Unspecified</database>
	</source>
	<size>
		<width>416</width>
		<height>274</height>
		<depth>3</depth>
	</size>
	<object>
		<name>car</name>
		<pose>Unspecified</pose>
		<truncated>0</truncated>
		<difficult>0</difficult>
		<bndbox>
			<xmin>200</xmin>
			<ymin>151</ymin>
			<xmax>266</xmax>
			<ymax>207</ymax>
		</bndbox>
	</object>
</annotation>