<annotation>
	<folder>my-project-name</folder>
	<filename>stirling_69.jpg</filename>
	<path>/my-project-name/stirling_69.jpg</path>
	<source>
		<database>Unspecified</database>
	</source>
	<size>
		<width>416</width>
		<height>398</height>
		<depth>3</depth>
	</size>
	<object>
		<name>car</name>
		<pose>Unspecified</pose>
		<truncated>0</truncated>
		<difficult>0</difficult>
		<bndbox>
			<xmin>74</xmin>
			<ymin>30</ymin>
			<xmax>177</xmax>
			<ymax>88</ymax>
		</bndbox>
	</object>
</annotation>