<annotation>
	<folder>my-project-name</folder>
	<filename>stirling_81.jpg</filename>
	<path>/my-project-name/stirling_81.jpg</path>
	<source>
		<database>Unspecified</database>
	</source>
	<size>
		<width>416</width>
		<height>613</height>
		<depth>3</depth>
	</size>
	<object>
		<name>car</name>
		<pose>Unspecified</pose>
		<truncated>0</truncated>
		<difficult>0</difficult>
		<bndbox>
			<xmin>2</xmin>
			<ymin>59</ymin>
			<xmax>349</xmax>
			<ymax>417</ymax>
		</bndbox>
	</object>
</annotation>