<annotation>
	<folder>my-project-name</folder>
	<filename>stirling_71.jpg</filename>
	<path>/my-project-name/stirling_71.jpg</path>
	<source>
		<database>Unspecified</database>
	</source>
	<size>
		<width>416</width>
		<height>271</height>
		<depth>3</depth>
	</size>
	<object>
		<name>tree</name>
		<pose>Unspecified</pose>
		<truncated>0</truncated>
		<difficult>0</difficult>
		<bndbox>
			<xmin>211</xmin>
			<ymin>1</ymin>
			<xmax>361</xmax>
			<ymax>120</ymax>
		</bndbox>
	</object>
</annotation>