<annotation>
	<folder>my-project-name</folder>
	<filename>stirling_96.jpg</filename>
	<path>/my-project-name/stirling_96.jpg</path>
	<source>
		<database>Unspecified</database>
	</source>
	<size>
		<width>416</width>
		<height>358</height>
		<depth>3</depth>
	</size>
	<object>
		<name>tree</name>
		<pose>Unspecified</pose>
		<truncated>0</truncated>
		<difficult>0</difficult>
		<bndbox>
			<xmin>224</xmin>
			<ymin>8</ymin>
			<xmax>302</xmax>
			<ymax>213</ymax>
		</bndbox>
	</object>
</annotation>