<annotation>
	<folder>my-project-name</folder>
	<filename>stirling_60.jpg</filename>
	<path>/my-project-name/stirling_60.jpg</path>
	<source>
		<database>Unspecified</database>
	</source>
	<size>
		<width>416</width>
		<height>555</height>
		<depth>3</depth>
	</size>
	<object>
		<name>tree</name>
		<pose>Unspecified</pose>
		<truncated>0</truncated>
		<difficult>0</difficult>
		<bndbox>
			<xmin>192</xmin>
			<ymin>58</ymin>
			<xmax>335</xmax>
			<ymax>296</ymax>
		</bndbox>
	</object>
	<object>
		<name>tree</name>
		<pose>Unspecified</pose>
		<truncated>0</truncated>
		<difficult>0</difficult>
		<bndbox>
			<xmin>137</xmin>
			<ymin>109</ymin>
			<xmax>202</xmax>
			<ymax>202</ymax>
		</bndbox>
	</object>
	<object>
		<name>tree</name>
		<pose>Unspecified</pose>
		<truncated>0</truncated>
		<difficult>0</difficult>
		<bndbox>
			<xmin>72</xmin>
			<ymin>126</ymin>
			<xmax>137</xmax>
			<ymax>208</ymax>
		</bndbox>
	</object>
</annotation>