<annotation>
	<folder>my-project-name</folder>
	<filename>stirling_31.jpg</filename>
	<path>/my-project-name/stirling_31.jpg</path>
	<source>
		<database>Unspecified</database>
	</source>
	<size>
		<width>416</width>
		<height>312</height>
		<depth>3</depth>
	</size>
	<object>
		<name>tree</name>
		<pose>Unspecified</pose>
		<truncated>0</truncated>
		<difficult>0</difficult>
		<bndbox>
			<xmin>297</xmin>
			<ymin>18</ymin>
			<xmax>416</xmax>
			<ymax>202</ymax>
		</bndbox>
	</object>
	<object>
		<name>tree</name>
		<pose>Unspecified</pose>
		<truncated>0</truncated>
		<difficult>0</difficult>
		<bndbox>
			<xmin>197</xmin>
			<ymin>143</ymin>
			<xmax>246</xmax>
			<ymax>209</ymax>
		</bndbox>
	</object>
	<object>
		<name>tree</name>
		<pose>Unspecified</pose>
		<truncated>0</truncated>
		<difficult>0</difficult>
		<bndbox>
			<xmin>262</xmin>
			<ymin>127</ymin>
			<xmax>307</xmax>
			<ymax>211</ymax>
		</bndbox>
	</object>
	<object>
		<name>tree</name>
		<pose>Unspecified</pose>
		<truncated>0</truncated>
		<difficult>0</difficult>
		<bndbox>
			<xmin>85</xmin>
			<ymin>28</ymin>
			<xmax>198</xmax>
			<ymax>213</ymax>
		</bndbox>
	</object>
	<object>
		<name>tree</name>
		<pose>Unspecified</pose>
		<truncated>0</truncated>
		<difficult>0</difficult>
		<bndbox>
			<xmin>0</xmin>
			<ymin>30</ymin>
			<xmax>85</xmax>
			<ymax>219</ymax>
		</bndbox>
	</object>
</annotation>