<annotation>
	<folder>my-project-name</folder>
	<filename>stirling_102.jpg</filename>
	<path>/my-project-name/stirling_102.jpg</path>
	<source>
		<database>Unspecified</database>
	</source>
	<size>
		<width>416</width>
		<height>292</height>
		<depth>3</depth>
	</size>
	<object>
		<name>car</name>
		<pose>Unspecified</pose>
		<truncated>0</truncated>
		<difficult>0</difficult>
		<bndbox>
			<xmin>162</xmin>
			<ymin>0</ymin>
			<xmax>228</xmax>
			<ymax>60</ymax>
		</bndbox>
	</object>
	<object>
		<name>tree</name>
		<pose>Unspecified</pose>
		<truncated>0</truncated>
		<difficult>0</difficult>
		<bndbox>
			<xmin>323</xmin>
			<ymin>90</ymin>
			<xmax>402</xmax>
			<ymax>205</ymax>
		</bndbox>
	</object>
	<object>
		<name>tree</name>
		<pose>Unspecified</pose>
		<truncated>0</truncated>
		<difficult>0</difficult>
		<bndbox>
			<xmin>239</xmin>
			<ymin>0</ymin>
			<xmax>366</xmax>
			<ymax>93</ymax>
		</bndbox>
	</object>
</annotation>