<annotation>
	<folder>my-project-name</folder>
	<filename>stirling_94.jpg</filename>
	<path>/my-project-name/stirling_94.jpg</path>
	<source>
		<database>Unspecified</database>
	</source>
	<size>
		<width>416</width>
		<height>588</height>
		<depth>3</depth>
	</size>
	<object>
		<name>tree</name>
		<pose>Unspecified</pose>
		<truncated>0</truncated>
		<difficult>0</difficult>
		<bndbox>
			<xmin>0</xmin>
			<ymin>0</ymin>
			<xmax>402</xmax>
			<ymax>405</ymax>
		</bndbox>
	</object>
	<object>
		<name>tree</name>
		<pose>Unspecified</pose>
		<truncated>0</truncated>
		<difficult>0</difficult>
		<bndbox>
			<xmin>31</xmin>
			<ymin>254</ymin>
			<xmax>148</xmax>
			<ymax>402</ymax>
		</bndbox>
	</object>
</annotation>