<annotation>
	<folder>my-project-name</folder>
	<filename>stirling_33.jpg</filename>
	<path>/my-project-name/stirling_33.jpg</path>
	<source>
		<database>Unspecified</database>
	</source>
	<size>
		<width>416</width>
		<height>555</height>
		<depth>3</depth>
	</size>
	<object>
		<name>tree</name>
		<pose>Unspecified</pose>
		<truncated>0</truncated>
		<difficult>0</difficult>
		<bndbox>
			<xmin>66</xmin>
			<ymin>146</ymin>
			<xmax>122</xmax>
			<ymax>231</ymax>
		</bndbox>
	</object>
	<object>
		<name>tree</name>
		<pose>Unspecified</pose>
		<truncated>0</truncated>
		<difficult>0</difficult>
		<bndbox>
			<xmin>106</xmin>
			<ymin>105</ymin>
			<xmax>167</xmax>
			<ymax>236</ymax>
		</bndbox>
	</object>
	<object>
		<name>tree</name>
		<pose>Unspecified</pose>
		<truncated>0</truncated>
		<difficult>0</difficult>
		<bndbox>
			<xmin>153</xmin>
			<ymin>121</ymin>
			<xmax>190</xmax>
			<ymax>243</ymax>
		</bndbox>
	</object>
	<object>
		<name>tree</name>
		<pose>Unspecified</pose>
		<truncated>0</truncated>
		<difficult>0</difficult>
		<bndbox>
			<xmin>190</xmin>
			<ymin>98</ymin>
			<xmax>229</xmax>
			<ymax>247</ymax>
		</bndbox>
	</object>
	<object>
		<name>tree</name>
		<pose>Unspecified</pose>
		<truncated>0</truncated>
		<difficult>0</difficult>
		<bndbox>
			<xmin>214</xmin>
			<ymin>116</ymin>
			<xmax>286</xmax>
			<ymax>251</ymax>
		</bndbox>
	</object>
	<object>
		<name>tree</name>
		<pose>Unspecified</pose>
		<truncated>0</truncated>
		<difficult>0</difficult>
		<bndbox>
			<xmin>301</xmin>
			<ymin>155</ymin>
			<xmax>338</xmax>
			<ymax>236</ymax>
		</bndbox>
	</object>
	<object>
		<name>tree</name>
		<pose>Unspecified</pose>
		<truncated>0</truncated>
		<difficult>0</difficult>
		<bndbox>
			<xmin>368</xmin>
			<ymin>148</ymin>
			<xmax>416</xmax>
			<ymax>247</ymax>
		</bndbox>
	</object>
	<object>
		<name>tree</name>
		<pose>Unspecified</pose>
		<truncated>0</truncated>
		<difficult>0</difficult>
		<bndbox>
			<xmin>351</xmin>
			<ymin>181</ymin>
			<xmax>371</xmax>
			<ymax>243</ymax>
		</bndbox>
	</object>
</annotation>