<annotation>
	<folder>my-project-name</folder>
	<filename>stirling_126.jpg</filename>
	<path>/my-project-name/stirling_126.jpg</path>
	<source>
		<database>Unspecified</database>
	</source>
	<size>
		<width>416</width>
		<height>420</height>
		<depth>3</depth>
	</size>
	<object>
		<name>tree</name>
		<pose>Unspecified</pose>
		<truncated>0</truncated>
		<difficult>0</difficult>
		<bndbox>
			<xmin>289</xmin>
			<ymin>2</ymin>
			<xmax>416</xmax>
			<ymax>192</ymax>
		</bndbox>
	</object>
	<object>
		<name>tree</name>
		<pose>Unspecified</pose>
		<truncated>0</truncated>
		<difficult>0</difficult>
		<bndbox>
			<xmin>147</xmin>
			<ymin>2</ymin>
			<xmax>268</xmax>
			<ymax>188</ymax>
		</bndbox>
	</object>
	<object>
		<name>tree</name>
		<pose>Unspecified</pose>
		<truncated>0</truncated>
		<difficult>0</difficult>
		<bndbox>
			<xmin>56</xmin>
			<ymin>0</ymin>
			<xmax>155</xmax>
			<ymax>219</ymax>
		</bndbox>
	</object>
</annotation>