<annotation>
	<folder>my-project-name</folder>
	<filename>stirling_91.jpg</filename>
	<path>/my-project-name/stirling_91.jpg</path>
	<source>
		<database>Unspecified</database>
	</source>
	<size>
		<width>416</width>
		<height>1045</height>
		<depth>3</depth>
	</size>
	<object>
		<name>tree</name>
		<pose>Unspecified</pose>
		<truncated>0</truncated>
		<difficult>0</difficult>
		<bndbox>
			<xmin>0</xmin>
			<ymin>4</ymin>
			<xmax>395</xmax>
			<ymax>851</ymax>
		</bndbox>
	</object>
</annotation>