<annotation>
	<folder>my-project-name</folder>
	<filename>stirling_90.jpg</filename>
	<path>/my-project-name/stirling_90.jpg</path>
	<source>
		<database>Unspecified</database>
	</source>
	<size>
		<width>416</width>
		<height>522</height>
		<depth>3</depth>
	</size>
	<object>
		<name>tree</name>
		<pose>Unspecified</pose>
		<truncated>0</truncated>
		<difficult>0</difficult>
		<bndbox>
			<xmin>156</xmin>
			<ymin>150</ymin>
			<xmax>231</xmax>
			<ymax>369</ymax>
		</bndbox>
	</object>
	<object>
		<name>tree</name>
		<pose>Unspecified</pose>
		<truncated>0</truncated>
		<difficult>0</difficult>
		<bndbox>
			<xmin>216</xmin>
			<ymin>211</ymin>
			<xmax>294</xmax>
			<ymax>364</ymax>
		</bndbox>
	</object>
</annotation>