<annotation>
	<folder>my-project-name</folder>
	<filename>stirling_101.jpg</filename>
	<path>/my-project-name/stirling_101.jpg</path>
	<source>
		<database>Unspecified</database>
	</source>
	<size>
		<width>416</width>
		<height>470</height>
		<depth>3</depth>
	</size>
	<object>
		<name>car</name>
		<pose>Unspecified</pose>
		<truncated>0</truncated>
		<difficult>0</difficult>
		<bndbox>
			<xmin>21</xmin>
			<ymin>234</ymin>
			<xmax>275</xmax>
			<ymax>470</ymax>
		</bndbox>
	</object>
	<object>
		<name>tree</name>
		<pose>Unspecified</pose>
		<truncated>0</truncated>
		<difficult>0</difficult>
		<bndbox>
			<xmin>47</xmin>
			<ymin>29</ymin>
			<xmax>407</xmax>
			<ymax>257</ymax>
		</bndbox>
	</object>
</annotation>