<annotation>
	<folder>my-project-name</folder>
	<filename>stirling_74.jpg</filename>
	<path>/my-project-name/stirling_74.jpg</path>
	<source>
		<database>Unspecified</database>
	</source>
	<size>
		<width>416</width>
		<height>452</height>
		<depth>3</depth>
	</size>
	<object>
		<name>tree</name>
		<pose>Unspecified</pose>
		<truncated>0</truncated>
		<difficult>0</difficult>
		<bndbox>
			<xmin>63</xmin>
			<ymin>19</ymin>
			<xmax>250</xmax>
			<ymax>384</ymax>
		</bndbox>
	</object>
	<object>
		<name>tree</name>
		<pose>Unspecified</pose>
		<truncated>0</truncated>
		<difficult>0</difficult>
		<bndbox>
			<xmin>273</xmin>
			<ymin>157</ymin>
			<xmax>341</xmax>
			<ymax>296</ymax>
		</bndbox>
	</object>
</annotation>