<annotation>
	<folder>my-project-name</folder>
	<filename>stirling_79.jpg</filename>
	<path>/my-project-name/stirling_79.jpg</path>
	<source>
		<database>Unspecified</database>
	</source>
	<size>
		<width>416</width>
		<height>763</height>
		<depth>3</depth>
	</size>
	<object>
		<name>car</name>
		<pose>Unspecified</pose>
		<truncated>0</truncated>
		<difficult>0</difficult>
		<bndbox>
			<xmin>0</xmin>
			<ymin>562</ymin>
			<xmax>159</xmax>
			<ymax>763</ymax>
		</bndbox>
	</object>
	<object>
		<name>car</name>
		<pose>Unspecified</pose>
		<truncated>0</truncated>
		<difficult>0</difficult>
		<bndbox>
			<xmin>270</xmin>
			<ymin>603</ymin>
			<xmax>416</xmax>
			<ymax>703</ymax>
		</bndbox>
	</object>
	<object>
		<name>tree</name>
		<pose>Unspecified</pose>
		<truncated>0</truncated>
		<difficult>0</difficult>
		<bndbox>
			<xmin>150</xmin>
			<ymin>3</ymin>
			<xmax>322</xmax>
			<ymax>577</ymax>
		</bndbox>
	</object>
</annotation>