<annotation>
	<folder>my-project-name</folder>
	<filename>stirling_9.jpg</filename>
	<path>/my-project-name/stirling_9.jpg</path>
	<source>
		<database>Unspecified</database>
	</source>
	<size>
		<width>416</width>
		<height>312</height>
		<depth>3</depth>
	</size>
	<object>
		<name>tree</name>
		<pose>Unspecified</pose>
		<truncated>0</truncated>
		<difficult>0</difficult>
		<bndbox>
			<xmin>170</xmin>
			<ymin>2</ymin>
			<xmax>416</xmax>
			<ymax>200</ymax>
		</bndbox>
	</object>
	<object>
		<name>tree</name>
		<pose>Unspecified</pose>
		<truncated>0</truncated>
		<difficult>0</difficult>
		<bndbox>
			<xmin>11</xmin>
			<ymin>1</ymin>
			<xmax>172</xmax>
			<ymax>198</ymax>
		</bndbox>
	</object>
</annotation>