<annotation>
	<folder>my-project-name</folder>
	<filename>stirling_78.jpg</filename>
	<path>/my-project-name/stirling_78.jpg</path>
	<source>
		<database>Unspecified</database>
	</source>
	<size>
		<width>416</width>
		<height>555</height>
		<depth>3</depth>
	</size>
	<object>
		<name>tree</name>
		<pose>Unspecified</pose>
		<truncated>0</truncated>
		<difficult>0</difficult>
		<bndbox>
			<xmin>57</xmin>
			<ymin>59</ymin>
			<xmax>213</xmax>
			<ymax>363</ymax>
		</bndbox>
	</object>
	<object>
		<name>tree</name>
		<pose>Unspecified</pose>
		<truncated>0</truncated>
		<difficult>0</difficult>
		<bndbox>
			<xmin>23</xmin>
			<ymin>232</ymin>
			<xmax>121</xmax>
			<ymax>368</ymax>
		</bndbox>
	</object>
	<object>
		<name>tree</name>
		<pose>Unspecified</pose>
		<truncated>0</truncated>
		<difficult>0</difficult>
		<bndbox>
			<xmin>141</xmin>
			<ymin>4</ymin>
			<xmax>358</xmax>
			<ymax>372</ymax>
		</bndbox>
	</object>
</annotation>