<annotation>
	<folder>my-project-name</folder>
	<filename>stirling_51.jpg</filename>
	<path>/my-project-name/stirling_51.jpg</path>
	<source>
		<database>Unspecified</database>
	</source>
	<size>
		<width>416</width>
		<height>652</height>
		<depth>3</depth>
	</size>
	<object>
		<name>car</name>
		<pose>Unspecified</pose>
		<truncated>0</truncated>
		<difficult>0</difficult>
		<bndbox>
			<xmin>40</xmin>
			<ymin>369</ymin>
			<xmax>416</xmax>
			<ymax>649</ymax>
		</bndbox>
	</object>
	<object>
		<name>tree</name>
		<pose>Unspecified</pose>
		<truncated>0</truncated>
		<difficult>0</difficult>
		<bndbox>
			<xmin>354</xmin>
			<ymin>274</ymin>
			<xmax>416</xmax>
			<ymax>359</ymax>
		</bndbox>
	</object>
</annotation>