<annotation>
	<folder>my-project-name</folder>
	<filename>stirling_25.jpg</filename>
	<path>/my-project-name/stirling_25.jpg</path>
	<source>
		<database>Unspecified</database>
	</source>
	<size>
		<width>416</width>
		<height>535</height>
		<depth>3</depth>
	</size>
	<object>
		<name>tree</name>
		<pose>Unspecified</pose>
		<truncated>0</truncated>
		<difficult>0</difficult>
		<bndbox>
			<xmin>2</xmin>
			<ymin>94</ymin>
			<xmax>86</xmax>
			<ymax>251</ymax>
		</bndbox>
	</object>
</annotation>