<annotation>
	<folder>my-project-name</folder>
	<filename>stirling_17.jpg</filename>
	<path>/my-project-name/stirling_17.jpg</path>
	<source>
		<database>Unspecified</database>
	</source>
	<size>
		<width>416</width>
		<height>555</height>
		<depth>3</depth>
	</size>
	<object>
		<name>tree</name>
		<pose>Unspecified</pose>
		<truncated>0</truncated>
		<difficult>0</difficult>
		<bndbox>
			<xmin>99</xmin>
			<ymin>0</ymin>
			<xmax>225</xmax>
			<ymax>300</ymax>
		</bndbox>
	</object>
	<object>
		<name>tree</name>
		<pose>Unspecified</pose>
		<truncated>0</truncated>
		<difficult>0</difficult>
		<bndbox>
			<xmin>213</xmin>
			<ymin>0</ymin>
			<xmax>326</xmax>
			<ymax>289</ymax>
		</bndbox>
	</object>
	<object>
		<name>tree</name>
		<pose>Unspecified</pose>
		<truncated>0</truncated>
		<difficult>0</difficult>
		<bndbox>
			<xmin>331</xmin>
			<ymin>0</ymin>
			<xmax>407</xmax>
			<ymax>341</ymax>
		</bndbox>
	</object>
</annotation>