<annotation>
	<folder>my-project-name</folder>
	<filename>tashkent_53.jpg</filename>
	<path>/my-project-name/tashkent_53.jpg</path>
	<source>
		<database>Unspecified</database>
	</source>
	<size>
		<width>416</width>
		<height>739</height>
		<depth>3</depth>
	</size>
	<object>
		<name>car</name>
		<pose>Unspecified</pose>
		<truncated>0</truncated>
		<difficult>0</difficult>
		<bndbox>
			<xmin>14</xmin>
			<ymin>167</ymin>
			<xmax>395</xmax>
			<ymax>340</ymax>
		</bndbox>
	</object>
	<object>
		<name>car</name>
		<pose>Unspecified</pose>
		<truncated>0</truncated>
		<difficult>0</difficult>
		<bndbox>
			<xmin>364</xmin>
			<ymin>181</ymin>
			<xmax>416</xmax>
			<ymax>249</ymax>
		</bndbox>
	</object>
</annotation>