<annotation>
	<folder>my-project-name</folder>
	<filename>tashkent_82.jpg</filename>
	<path>/my-project-name/tashkent_82.jpg</path>
	<source>
		<database>Unspecified</database>
	</source>
	<size>
		<width>416</width>
		<height>739</height>
		<depth>3</depth>
	</size>
	<object>
		<name>tree</name>
		<pose>Unspecified</pose>
		<truncated>0</truncated>
		<difficult>0</difficult>
		<bndbox>
			<xmin>59</xmin>
			<ymin>192</ymin>
			<xmax>179</xmax>
			<ymax>373</ymax>
		</bndbox>
	</object>
	<object>
		<name>tree</name>
		<pose>Unspecified</pose>
		<truncated>0</truncated>
		<difficult>0</difficult>
		<bndbox>
			<xmin>3</xmin>
			<ymin>337</ymin>
			<xmax>48</xmax>
			<ymax>412</ymax>
		</bndbox>
	</object>
</annotation>