<annotation>
	<folder>my-project-name</folder>
	<filename>tashkent_32.jpg</filename>
	<path>/my-project-name/tashkent_32.jpg</path>
	<source>
		<database>Unspecified</database>
	</source>
	<size>
		<width>416</width>
		<height>739</height>
		<depth>3</depth>
	</size>
	<object>
		<name>car</name>
		<pose>Unspecified</pose>
		<truncated>0</truncated>
		<difficult>0</difficult>
		<bndbox>
			<xmin>76</xmin>
			<ymin>161</ymin>
			<xmax>313</xmax>
			<ymax>416</ymax>
		</bndbox>
	</object>
	<object>
		<name>tree</name>
		<pose>Unspecified</pose>
		<truncated>0</truncated>
		<difficult>0</difficult>
		<bndbox>
			<xmin>27</xmin>
			<ymin>0</ymin>
			<xmax>188</xmax>
			<ymax>235</ymax>
		</bndbox>
	</object>
	<object>
		<name>tree</name>
		<pose>Unspecified</pose>
		<truncated>0</truncated>
		<difficult>0</difficult>
		<bndbox>
			<xmin>223</xmin>
			<ymin>0</ymin>
			<xmax>375</xmax>
			<ymax>188</ymax>
		</bndbox>
	</object>
</annotation>