<annotation>
	<folder>my-project-name</folder>
	<filename>tashkent_113.jpg</filename>
	<path>/my-project-name/tashkent_113.jpg</path>
	<source>
		<database>Unspecified</database>
	</source>
	<size>
		<width>416</width>
		<height>740</height>
		<depth>3</depth>
	</size>
	<object>
		<name>tree</name>
		<pose>Unspecified</pose>
		<truncated>0</truncated>
		<difficult>0</difficult>
		<bndbox>
			<xmin>198</xmin>
			<ymin>0</ymin>
			<xmax>346</xmax>
			<ymax>381</ymax>
		</bndbox>
	</object>
	<object>
		<name>tree</name>
		<pose>Unspecified</pose>
		<truncated>0</truncated>
		<difficult>0</difficult>
		<bndbox>
			<xmin>102</xmin>
			<ymin>135</ymin>
			<xmax>222</xmax>
			<ymax>400</ymax>
		</bndbox>
	</object>
</annotation>