<annotation>
	<folder>my-project-name</folder>
	<filename>tashkent_39.jpg</filename>
	<path>/my-project-name/tashkent_39.jpg</path>
	<source>
		<database>Unspecified</database>
	</source>
	<size>
		<width>416</width>
		<height>739</height>
		<depth>3</depth>
	</size>
	<object>
		<name>tree</name>
		<pose>Unspecified</pose>
		<truncated>0</truncated>
		<difficult>0</difficult>
		<bndbox>
			<xmin>224</xmin>
			<ymin>161</ymin>
			<xmax>319</xmax>
			<ymax>350</ymax>
		</bndbox>
	</object>
	<object>
		<name>tree</name>
		<pose>Unspecified</pose>
		<truncated>0</truncated>
		<difficult>0</difficult>
		<bndbox>
			<xmin>319</xmin>
			<ymin>172</ymin>
			<xmax>393</xmax>
			<ymax>321</ymax>
		</bndbox>
	</object>
</annotation>