<annotation>
	<folder>my-project-name</folder>
	<filename>tashkent_23.jpg</filename>
	<path>/my-project-name/tashkent_23.jpg</path>
	<source>
		<database>Unspecified</database>
	</source>
	<size>
		<width>416</width>
		<height>739</height>
		<depth>3</depth>
	</size>
	<object>
		<name>tree</name>
		<pose>Unspecified</pose>
		<truncated>0</truncated>
		<difficult>0</difficult>
		<bndbox>
			<xmin>44</xmin>
			<ymin>221</ymin>
			<xmax>109</xmax>
			<ymax>337</ymax>
		</bndbox>
	</object>
	<object>
		<name>tree</name>
		<pose>Unspecified</pose>
		<truncated>0</truncated>
		<difficult>0</difficult>
		<bndbox>
			<xmin>323</xmin>
			<ymin>136</ymin>
			<xmax>416</xmax>
			<ymax>333</ymax>
		</bndbox>
	</object>
	<object>
		<name>tree</name>
		<pose>Unspecified</pose>
		<truncated>0</truncated>
		<difficult>0</difficult>
		<bndbox>
			<xmin>244</xmin>
			<ymin>194</ymin>
			<xmax>292</xmax>
			<ymax>266</ymax>
		</bndbox>
	</object>
</annotation>