<annotation>
	<folder>my-project-name</folder>
	<filename>tashkent_38.jpg</filename>
	<path>/my-project-name/tashkent_38.jpg</path>
	<source>
		<database>Unspecified</database>
	</source>
	<size>
		<width>416</width>
		<height>739</height>
		<depth>3</depth>
	</size>
	<object>
		<name>tree</name>
		<pose>Unspecified</pose>
		<truncated>0</truncated>
		<difficult>0</difficult>
		<bndbox>
			<xmin>149</xmin>
			<ymin>221</ymin>
			<xmax>236</xmax>
			<ymax>327</ymax>
		</bndbox>
	</object>
</annotation>