<annotation>
	<folder>my-project-name</folder>
	<filename>tashkent_69.jpg</filename>
	<path>/my-project-name/tashkent_69.jpg</path>
	<source>
		<database>Unspecified</database>
	</source>
	<size>
		<width>416</width>
		<height>739</height>
		<depth>3</depth>
	</size>
	<object>
		<name>car</name>
		<pose>Unspecified</pose>
		<truncated>0</truncated>
		<difficult>0</difficult>
		<bndbox>
			<xmin>158</xmin>
			<ymin>325</ymin>
			<xmax>388</xmax>
			<ymax>460</ymax>
		</bndbox>
	</object>
	<object>
		<name>car</name>
		<pose>Unspecified</pose>
		<truncated>0</truncated>
		<difficult>0</difficult>
		<bndbox>
			<xmin>203</xmin>
			<ymin>284</ymin>
			<xmax>336</xmax>
			<ymax>324</ymax>
		</bndbox>
	</object>
	<object>
		<name>car</name>
		<pose>Unspecified</pose>
		<truncated>0</truncated>
		<difficult>0</difficult>
		<bndbox>
			<xmin>356</xmin>
			<ymin>275</ymin>
			<xmax>416</xmax>
			<ymax>332</ymax>
		</bndbox>
	</object>
	<object>
		<name>tree</name>
		<pose>Unspecified</pose>
		<truncated>0</truncated>
		<difficult>0</difficult>
		<bndbox>
			<xmin>241</xmin>
			<ymin>77</ymin>
			<xmax>311</xmax>
			<ymax>210</ymax>
		</bndbox>
	</object>
	<object>
		<name>tree</name>
		<pose>Unspecified</pose>
		<truncated>0</truncated>
		<difficult>0</difficult>
		<bndbox>
			<xmin>198</xmin>
			<ymin>86</ymin>
			<xmax>256</xmax>
			<ymax>206</ymax>
		</bndbox>
	</object>
	<object>
		<name>tree</name>
		<pose>Unspecified</pose>
		<truncated>0</truncated>
		<difficult>0</difficult>
		<bndbox>
			<xmin>0</xmin>
			<ymin>0</ymin>
			<xmax>150</xmax>
			<ymax>379</ymax>
		</bndbox>
	</object>
</annotation>