<annotation>
	<folder>my-project-name</folder>
	<filename>tashkent_50.jpg</filename>
	<path>/my-project-name/tashkent_50.jpg</path>
	<source>
		<database>Unspecified</database>
	</source>
	<size>
		<width>416</width>
		<height>739</height>
		<depth>3</depth>
	</size>
	<object>
		<name>car</name>
		<pose>Unspecified</pose>
		<truncated>0</truncated>
		<difficult>0</difficult>
		<bndbox>
			<xmin>1</xmin>
			<ymin>139</ymin>
			<xmax>416</xmax>
			<ymax>525</ymax>
		</bndbox>
	</object>
</annotation>