<annotation>
	<folder>my-project-name</folder>
	<filename>tashkent_112.jpg</filename>
	<path>/my-project-name/tashkent_112.jpg</path>
	<source>
		<database>Unspecified</database>
	</source>
	<size>
		<width>416</width>
		<height>740</height>
		<depth>3</depth>
	</size>
	<object>
		<name>tree</name>
		<pose>Unspecified</pose>
		<truncated>0</truncated>
		<difficult>0</difficult>
		<bndbox>
			<xmin>7</xmin>
			<ymin>3</ymin>
			<xmax>416</xmax>
			<ymax>451</ymax>
		</bndbox>
	</object>
	<object>
		<name>tree</name>
		<pose>Unspecified</pose>
		<truncated>0</truncated>
		<difficult>0</difficult>
		<bndbox>
			<xmin>96</xmin>
			<ymin>208</ymin>
			<xmax>182</xmax>
			<ymax>389</ymax>
		</bndbox>
	</object>
</annotation>