<annotation>
	<folder>my-project-name</folder>
	<filename>tashkent_99.jpg</filename>
	<path>/my-project-name/tashkent_99.jpg</path>
	<source>
		<database>Unspecified</database>
	</source>
	<size>
		<width>416</width>
		<height>739</height>
		<depth>3</depth>
	</size>
	<object>
		<name>tree</name>
		<pose>Unspecified</pose>
		<truncated>0</truncated>
		<difficult>0</difficult>
		<bndbox>
			<xmin>95</xmin>
			<ymin>490</ymin>
			<xmax>272</xmax>
			<ymax>615</ymax>
		</bndbox>
	</object>
</annotation>